{"nodes":{"node:0":{"location":{"x":410,"y":-31}},"node:1":{"location":{"x":-722,"y":-328}}},"selection":null,"view":{"scroll":{"x":-427.257568359375,"y":-302.66046142578125},"visible_rect":{"max":{"x":637.90533447265625,"y":559.7076416015625},"min":{"x":-553.1285400390625,"y":-391.824859619140625}},"zoom":0.772438168525695801}}